95.155.135.0/24,DE,DE-HE,Frankfurt,,
82.22.108.0/24,DE,DE-HE,Frankfurt,,
82.22.105.0/24,DE,DE-HE,Frankfurt,,
82.26.141.0/24,DE,DE-HE,Frankfurt,,
82.26.155.0/24,DE,DE-HE,Frankfurt,,
82.26.168.0/24,DE,DE-HE,Frankfurt,,
188.208.124.0/24,DE,DE-HE,Frankfurt,,
86.105.58.0/24,DE,DE-HE,Frankfurt,,
165.49.107.0/24,DE,DE-HE,Frankfurt,,
82.24.41.0/24,DE,DE-HE,Frankfurt,,
151.242.94.0/24,DE,DE-HE,Frankfurt,,
151.242.98.0/24,DE,DE-HE,Frankfurt,,
151.242.107.0/24,DE,DE-HE,Frankfurt,,
151.242.109.0/24,DE,DE-HE,Frankfurt,,
151.242.113.0/24,DE,DE-HE,Frankfurt,,
151.242.115.0/24,DE,DE-HE,Frankfurt,,
82.29.120.0/24,DE,DE-HE,Frankfurt,,
188.214.228.0/22,HK,HK-HKG,Hong Kong,,
217.145.65.0/24,US,US-VA,Ashburn,,
155.117.242.0/24,US,US-VA,Ashburn,,
122.8.36.0/22,US,US-VA,Ashburn,,
92.113.188.0/22,US,US-VA,Ashburn,,
62.171.228.0/22,US,US-VA,Ashburn,,
188.215.236.0/22,HK,HK-HKG,Hong Kong,,
151.242.12.0/24,HK,HK-HKG,Hong Kong,,
151.242.7.0/24,HK,HK-HKG,Hong Kong,,
151.242.1.0/24,HK,HK-HKG,Hong Kong,,
82.26.129.0/2,DE,DE-HE,Frankfurt,,
82.26.95.0/2,DE,DE-HE,Frankfurt,,
82.26.86.0/2,DE,DE-HE,Frankfurt,,
82.22.142.0/2,DE,DE-HE,Frankfurt,,
151.243.232.0/2,DE,DE-HE,Frankfurt,,
151.243.122.0/2,DE,DE-HE,Frankfurt,,
95.155.136.0/24,DE,DE-HE,Frankfurt,,
95.155.137.0/24,DE,DE-HE,Frankfurt,,
95.155.138.0/24,DE,DE-HE,Frankfurt,,
95.155.139.0/24,DE,DE-HE,Frankfurt,,
95.155.140.0/24,DE,DE-HE,Frankfurt,,
95.155.141.0/24,DE,DE-HE,Frankfurt,,
95.155.143.0/24,DE,DE-HE,Frankfurt,,
95.155.142.0/24,DE,DE-HE,Frankfurt,,
82.26.108.0/24,DE,DE-HE,Frankfurt,,
151.242.93.0/24,DE,DE-HE,Frankfurt,,
151.242.95.0/24,DE,DE-HE,Frankfurt,,
82.24.203.0/24,DE,DE-HE,Frankfurt,,
82.26.100.0/24,DE,DE-HE,Frankfurt,,
95.135.222.0/24,DE,DE-HE,Frankfurt,,
82.26.88.0/24,DE,DE-HE,Frankfurt,,
82.26.161.0/24,DE,DE-HE,Frankfurt,,
45.149.26.0/24,GB,GB-LND,London,,
82.22.111.0/24,GB,GB-LND,London,,
82.22.114.0/24,GB,GB-LND,London,,
92.113.220.0/22,US,US-VA,Ashburn,,
92.113.200.0/22,US,US-VA,Ashburn,,
185.227.7.0/24,FR,FR-PAR,Paris,,
88.209.246.0/24,FR,FR-PAR,Paris,,
95.135.183.0/24,FR,FR-PAR,Paris,,
92.112.159.0/24,FR,FR-PAR,Paris,,
92.112.0.0/24,FR,FR-PAR,Paris,,
92.112.130.0/24,FR,FR-PAR,Paris,,
92.112.12.0/24,FR,FR-PAR,Paris,,
64.93.92.0/22,US,US-VA,Ashburn,,
188.208.127.0/24,US,US-VA,Ashburn,,
82.26.71.0/24,DE,DE-HE,Frankfurt,,
82.22.164.0/24,DE,DE-HE,Frankfurt,,
82.25.174.0/24,DE,DE-HE,Frankfurt,,
82.25.185.0/24,DE,DE-HE,Frankfurt,,
82.24.188.0/24,GB,GB-LND,London,,
82.25.144.0/24,GB,GB-LND,London,,
82.25.137.0/24,GB,GB-LND,London,,
82.27.120.0/24,GB,GB-LND,London,,
82.27.104.0/24,GB,GB-LND,London,,
82.27.99.0/24,GB,GB-LND,London,,
82.27.9.0/24,GB,GB-LND,London,,
82.25.141.0/24,GB,GB-LND,London,,
82.25.184.0/24,GB,GB-LND,London,,
82.27.206.0/24,GB,GB-LND,London,,
82.24.4.0/24,DE,DE-HE,Frankfurt,,
82.24.14.0/24,DE,DE-HE,Frankfurt,,
82.24.21.0/24,DE,DE-HE,Frankfurt,,
82.24.30.0/24,DE,DE-HE,Frankfurt,,
82.24.55.0/24,DE,DE-HE,Frankfurt,,
82.24.72.0/24,DE,DE-HE,Frankfurt,,
82.24.78.0/24,DE,DE-HE,Frankfurt,,
82.24.86.0/24,DE,DE-HE,Frankfurt,,
82.24.109.0/24,DE,DE-HE,Frankfurt,,
82.24.114.0/24,DE,DE-HE,Frankfurt,,
82.26.70.0/24,DE,DE-HE,Frankfurt,,
82.26.128.0/24,DE,DE-HE,Frankfurt,,
82.24.115.0/24,DE,DE-HE,Frankfurt,,
82.24.108.0/24,DE,DE-HE,Frankfurt,,
82.24.15.0/24,DE,DE-HE,Frankfurt,,
82.26.146.0/24,DE,DE-HE,Frankfurt,,
151.243.117.0/24,DE,DE-HE,Frankfurt,,
151.243.119.0/24,DE,DE-HE,Frankfurt,,
151.243.121.0/24,DE,DE-HE,Frankfurt,,
163.5.222.0/24,GB,GB-LND,London,,
163.5.249.0/24,GB,GB-LND,London,,
163.5.208.0/24,GB,GB-LND,London,,
163.5.67.0/24,GB,GB-LND,London,,
163.5.217.0/24,GB,GB-LND,London,,
163.5.122.0/24,GB,GB-LND,London,,
163.5.98.0/24,GB,GB-LND,London,,
92.112.144.0/24,US,US-VA,Ashburn,,
92.112.56.0/24,US,US-VA,Ashburn,,
185.194.188.0/22,US,US-VA,Ashburn,,
163.5.115.0/24,GB,GB-LND,London,,
163.5.37.0/24,GB,GB-LND,London,,
151.242.101.0/24,DE,DE-HE,Frankfurt,,
151.242.105.0/24,DE,DE-HE,Frankfurt,,
82.29.79.0/24,DE,DE-HE,Frankfurt,,
82.29.76.0/24,DE,DE-HE,Frankfurt,,
82.29.73.0/24,DE,DE-HE,Frankfurt,,
82.29.70.0/24,DE,DE-HE,Frankfurt,,
82.29.65.0/24,DE,DE-HE,Frankfurt,,
82.29.51.0/24,DE,DE-HE,Frankfurt,,
82.29.49.0/24,DE,DE-HE,Frankfurt,,
82.29.45.0/24,DE,DE-HE,Frankfurt,,
82.29.39.0/24,DE,DE-HE,Frankfurt,,
82.29.36.0/24,DE,DE-HE,Frankfurt,,
82.26.175.0/24,DE,DE-HE,Frankfurt,,
82.26.147.0/24,DE,DE-HE,Frankfurt,,
82.22.102.0/24,DE,DE-HE,Frankfurt,,
188.214.136.0/24,DE,DE-HE,Frankfurt,,
82.29.29.0/24,DE,DE-HE,Frankfurt,,
82.29.23.0/24,DE,DE-HE,Frankfurt,,
82.22.194.0/24,DE,DE-HE,Frankfurt,,
82.22.191.0/24,DE,DE-HE,Frankfurt,,
82.21.184.0/24,DE,DE-HE,Frankfurt,,
82.27.198.0/24,DE,DE-HE,Frankfurt,,
82.27.22.0/24,DE,DE-HE,Frankfurt,,
82.26.135.0/24,DE,DE-HE,Frankfurt,,
82.25.191.0/24,DE,DE-HE,Frankfurt,,
82.25.133.0/24,DE,DE-HE,Frankfurt,,
82.24.125.0/24,DE,DE-HE,Frankfurt,,
178.210.247.0/24,DE,DE-HE,Frankfurt,,
151.242.100.0/24,DE,DE-HE,Frankfurt,,
151.242.196.0/22,DE,DE-HE,Frankfurt,,
151.242.184.0/22,DE,DE-HE,Frankfurt,,
64.49.56.0/22,DE,DE-HE,Frankfurt,,
93.119.144.0/24,DE,DE-HE,Frankfurt,,
188.214.137.0/24,DE,DE-HE,Frankfurt,,
188.214.138.0/24,DE,DE-HE,Frankfurt,,
88.209.246.0/24,FR,FR-PAR,Paris,,
194.231.159.0/24,DE,DE-HE,Frankfurt,,
165.49.119.0/24,GB,GB-LND,London,,
165.49.103.0/24,GB,GB-LND,London,,
165.49.65.0/24,GB,GB-LND,London,,
165.49.72.0/24,GB,GB-LND,London,,
165.49.80.0/24,GB,GB-LND,London,,
165.49.66.0/24,GB,GB-LND,London,,
165.49.77.0/24,GB,GB-LND,London,,
165.49.88.0/24,GB,GB-LND,London,,
165.49.74.0/24,GB,GB-LND,London,,
165.49.76.0/24,US,US-VA,Ashburn,,
165.49.79.0/24,US,US-VA,Ashburn,,
165.49.109.0/24,US,US-VA,Ashburn,,
178.92.106.0/24,HK,HK-HKG,Hong Kong,,
178.92.97.0/24,HK,HK-HKG,Hong Kong,,
178.92.93.0/24,HK,HK-HKG,Hong Kong,,
178.92.85.0/24,HK,HK-HKG,Hong Kong,,
82.139.230.0/24,DE,DE-HE,Frankfurt,,
64.81.190.0/24,US,US-VA,Ashburn,,
